,Reaction ID,Name,Reaction String,Reference
0,3OCHOCDH,3-oxocholest-4-en-26-oyl-CoA dehydrogenase,3oce26ocoa_c + acceptor_c --> 3ocd26ocoa_c + donor_c + h_c,"{'sbo': 'SBO:0000176', 'ec-code': '1.3.99', 'bigg.reaction': '3OCHOCDH', 'biocyc': 'RXN-12703', 'origin': 'Sco4', 'metanetx.reaction': 'MNXR117705', 'pathway': 'Steroid degradation', 'subsystem': 'Xenobiotics biodegradation and metabolism'}"
1,3OXCOADH,3-oxochol-4-en-24-oyl-CoA dehydrogenase,3oc4en24ocoa_c + acceptor_c --> 3ocdncoa_c + donor_c + 5.0 h_c,"{'sbo': 'SBO:0000176', 'ec-code': '1.3.99', 'bigg.reaction': '3OXCOADH', 'biocyc': 'RXN-12707', 'origin': 'Sco4', 'metanetx.reaction': 'MNXR140272', 'pathway': 'Steroid degradation', 'subsystem': 'Xenobiotics biodegradation and metabolism'}"
2,4SBZADH,4-sulfobenzaldehyde dehydrogenase,4sulbza_c + h2o_c + nad_c <=> 4sulfbenz_c + h_c + nadh_c,"{'sbo': 'SBO:0000176', 'ec-code': '1.2.1.62', 'rhea': '18833', 'kegg.reaction': 'R05272', 'origin': 'Sco4', 'biocyc': 'SYDDEHYD-RXN', 'bigg.reaction': '4SBZADH', 'metanetx.reaction': 'MNXR109445', 'pathway': 'Toluene degradation', 'subsystem': 'Xenobiotics biodegradation and metabolism'}"
3,AHMMPS_3,phosphomethylpyrimidine synthase ThiC: thiC,air_c + amet_c --> 4ampm_c + co_c + dad_5_c + for_c + 3.0 h_c + met__L_c,"{'sbo': 'SBO:0000176', 'metanetx.reaction': 'MNXR108194', 'ec-code': '4.1.99.17', 'subsystem': 'Metabolism of cofactors and vitamins', 'pathway': 'Thiamine metabolism'}"
4,AHOPS,adenosyl hopane synthase,amet_c + donor_c + hop22en_c --> acceptor_c + ahop_c + met__L_c,"{'sbo': 'SBO:0000176', 'bigg.reaction': 'AHOPS', 'biocyc': 'RXN-13528', 'origin': 'Sco4', 'metanetx.reaction': 'MNXR118150', 'pathway': 'Sesquiterpenoid and triterpenoid biosynthesis', 'subsystem': 'Metabolism of terpenoids and polyketides'}"
5,AIRCr,phosphoribosylaminoimidazole carboxylase,air_c + co2_c <=> 5aizc_c + 2.0 h_c,"{'sbo': 'SBO:0000176', 'ec-code': '4.1.1.21', 'bigg.reaction': 'AIRCr', 'biocyc': 'META:AIRCARBOXY-RXN', 'kegg.reaction': 'R04209', 'origin': 'iMK1208', 'subsystem': 'Nucleotide metabolism', 'metanetx.reaction': ['MNXR95646', 'MNXR108735'], 'pathway': 'Purine metabolism'}"
6,AMBACS,aminobacteriohopanetriol synthase,formhop_c + glu__L_c --> abacptri_c + akg_c + h_c,"{'sbo': 'SBO:0000176', 'origin': 'Sco4', 'biocyc': 'RXN-13533', 'bigg.reaction': 'AMBACS', 'metanetx.reaction': 'MNXR118154', 'pathway': 'Aminobacteriohopanetriol synthase', 'subsystem': 'Metabolism of terpenoids and polyketides'}"
7,ASR,arsenate reductase,aso4_c + 2.0 msh_c --> aso3_c + h2o_c + h_c + mssg_c,"{'sbo': 'SBO:0000176', 'bigg.reaction': 'ASR', 'origin': 'iMK1208', 'subsystem': 'Inorganic Ion Transport and metabolism', 'metanetx.reaction': 'MNXR96113', 'doi': '10.1074/jbc.M900877200'}"
8,CMCMSAD,2-hydroxy-5-carboxymethylmuconate semialdehyde dehydrogenase,5cmhmsa_c + h2o_c + h_c + nad_c --> 5cmhm_c + nadh_c,"{'sbo': 'SBO:0000176', 'ec-code': '1.2.1.60', 'rhea': '15681', 'kegg.reaction': 'R04418', 'origin': 'Sco4', 'biocyc': 'CHMS-DEHYDROGENASE-RXN', 'bigg.reaction': 'CMCMSAD', 'metanetx.reaction': 'MNXR94997', 'pathway': 'Tyrosine metabolism', 'subsystem': 'Amino acid metabolism'}"
9,CYANST,thiosulfate sulfurtransferase;thiosulfate-sulfurtransferase;thiosulfite-cleaving enzyme,cyan_c + tsul_c --> h_c + so3_c + tcynt_c,"{'sbo': 'SBO:0000176', 'ec-code': '2.8.1.1', 'rhea': '16881', 'kegg.reaction': 'R01931', 'origin': 'Sco4', 'biocyc': 'THIOSULFATE-SULFURTRANSFERASE-RXN', 'bigg.reaction': 'CYANST', 'metanetx.reaction': 'MNXR138187', 'pathway': 'Sulfur metabolism', 'subsystem': 'Energy metabolism'}"
10,CYO1ab,Ubiquinol:ferricytochrome-c oxidoreductase,2.0 ficytc_c + q8h2_c <=> 2.0 focytc_c + 2.0 h_c + q8_c,"{'sbo': 'SBO:0000176', 'bigg.reaction': 'CYO1ab', 'kegg.reaction': 'R02161', 'origin': 'KEGG', 'subsystem': 'Energy metabolism', 'metanetx.reaction': 'MNXR139088', 'pathway': 'Oxidative phosphorylation'}"
11,CYO2b,cytochrome aa3 oxidase (2 protons),2.0 focytc_c + 2.0 h_c + 0.5 o2_c --> 2.0 ficytc_c + h2o_c,"{'sbo': 'SBO:0000176', 'ec-code': '1.9.3.1', 'bigg.reaction': 'CYO2b', 'kegg.reaction': 'R00081', 'origin': 'iMK1208', 'subsystem': 'Energy metabolism', 'metanetx.reaction': 'MNXR138955', 'doi': '10.1007/s002030100262', 'pathway': 'Oxidative phosphorylation'}"
12,CYSBLY,cystathionine beta-lyase;L-cystathione beta-lyase;cystathionine-beta-lyase,cyst__L_c --> 2amac_c + hcys__L_c,"{'sbo': 'SBO:0000176', 'origin': 'Sco4', 'biocyc': 'RXN-15131', 'bigg.reaction': 'CYSBLY', 'metanetx.reaction': 'MNXR140516', 'pathway': 'Cysteine and methionine metabolism', 'subsystem': 'Amino acid metabolism'}"
13,DABAACT,"L-2,4-diaminobutyrate acetyltransferase",24dab_c + accoa_c <=> coa_c + h_c + nac24dab_c,"{'sbo': 'SBO:0000176', 'ec-code': '2.3.1.178', 'bigg.reaction': 'DABAACT', 'kegg.reaction': 'R06978', 'origin': 'iMK1208', 'rhea': '16904', 'subsystem': 'Amino acid metabolism', 'metanetx.reaction': 'MNXR110695', 'pathway': 'Glycine, serine and threonine metabolism'}"
14,DABAAT,DABA aminotransferase,24dab_c + akg_c <=> aspsa_c + glu__L_c,"{'sbo': 'SBO:0000176', 'ec-code': '2.6.1.76', 'bigg.reaction': 'DABAAT', 'biocyc': 'R101-RXN', 'kegg.reaction': 'R06977', 'origin': 'iMK1208', 'rhea': '11163', 'subsystem': 'Amino acid metabolism', 'metanetx.reaction': 'MNXR97074', 'pathway': 'Glycine, serine and threonine metabolism'}"
15,DDALLO,"dTDP-(2R,6S)-6-hydroxy-2-methyl-3-oxo-3,6-dihydro-2H-pyran-4-olate 3-ketoreductase (dTDP-4-dehydro-2,6-dideoxy-alpha-D-allose-forming)",donor_c + dtdp26ddgh2e2u_c + 3.0 h_c --> acceptor_c + dtdp4dh26dall_c,"{'sbo': 'SBO:0000176', 'ec-code': '1.17.1', 'bigg.reaction': 'DDALLO', 'biocyc': 'RXN-12940', 'origin': 'Sco4', 'metanetx.reaction': 'MNXR140282', 'pathway': 'Polyketide sugar unit biosynthesis', 'subsystem': 'Metabolism of terpenoids and polyketides'}"
16,DPCOX,diapolycopene oxygenase,at44dcop_c + 4.0 donor_c + 4.0 h_c + 4.0 o2_c --> 44dpcop_c + 4.0 acceptor_c + 6.0 h2o_c,"{'sbo': 'SBO:0000176', 'ec-code': '1.14.99.44', 'kegg.reaction': 'R09671', 'bigg.reaction': 'DPCOX', 'biocyc': 'RXN-12223', 'origin': 'Sco4', 'rhea': '31022', 'metanetx.reaction': ['MNXR117423', 'MNXR113085'], 'pathway': 'Carotenoid biosynthesis', 'subsystem': 'Metabolism of terpenoids and polyketides'}"
17,FMNAT,FMN adenylyltransferase,atp_c + fmn_c --> fad_c + h_c + ppi_c,"{'sbo': 'SBO:0000176', 'ec-code': '2.7.7.2', 'bigg.reaction': 'FMNAT', 'biocyc': 'FADSYN-RXN', 'kegg.reaction': 'R00161', 'origin': 'iMK1208', 'rhea': '17240', 'subsystem': 'Metabolism of cofactors and vitamins', 'metanetx.reaction': 'MNXR95501', 'pathway': 'Riboflavin metabolism'}"
18,FMNRx,FMN reductase,fmn_c + nadh_c <=> fmnh2_c + h_c + nad_c,"{'sbo': 'SBO:0000176', 'ec-code': '1.5.1.42', 'bigg.reaction': 'FMNRx', 'biocyc': 'RXN-9510', 'kegg.reaction': 'R05705', 'origin': 'iMK1208', 'rhea': '21623', 'subsystem': 'Metabolism of cofactors and vitamins', 'metanetx.reaction': 'MNXR99607', 'pathway': 'Riboflavin metabolism'}"
19,FMNRx2,FMN reductase,fmn_c + nadph_c <=> fmnh2_c + h_c + nadp_c,"{'sbo': 'SBO:0000176', 'ec-code': '1.5.1.38', 'bigg.reaction': 'FMNRx2', 'biocyc': 'RXN-12444', 'kegg.reaction': 'R05706', 'origin': 'iMK1208', 'rhea': '50759', 'subsystem': 'Metabolism of cofactors and vitamins', 'metanetx.reaction': 'MNXR99597', 'pathway': 'Riboflavin metabolism'}"
20,G6PBDH,beta-D-glucose-6-phosphate:NADP+ 1-oxoreductase,g6p_B_c + nadp_c <=> 6pgl_c + 3.0 h_c + nadph_c,"{'sbo': 'SBO:0000176', 'ec-code': '1.1.1.49', 'bigg.reaction': 'G6PBDH', 'biocyc': 'GLU6PDEHYDROG-RXN', 'kegg.reaction': 'R02736', 'origin': 'KEGG', 'subsystem': 'Carbohydrate metabolism', 'metanetx.reaction': ['MNXR99907', 'MNXR99903'], 'pathway': 'Pentose phosphate pathway'}"
21,G6PDH1b,beta-D-glucose-6-phosphate:NAD+ 1-oxidoreductase,g6p_B_c + nad_c <=> 6pgl_c + 3.0 h_c + nadh_c,"{'sbo': 'SBO:0000176', 'ec-code': '1.1.1.363', 'bigg.reaction': 'G6PDH1b', 'kegg.reaction': 'R10907', 'origin': 'KEGG', 'subsystem': 'Carbohydrate metabolism', 'metanetx.reaction': 'MNXR114219', 'pathway': 'Pentose phosphate pathway'}"
22,G6PI,alpha-D-Glucose 6-phosphate ketol-isomerase,g6p_A_c + 2.0 h_c <=> g6p_B_c,"{'sbo': 'SBO:0000176', 'ec-code': '5.3.1.9', 'bigg.reaction': 'G6PI', 'kegg.reaction': 'R02739', 'origin': 'KEGG', 'rhea': '16252', 'subsystem': 'Carbohydrate metabolism', 'metanetx.reaction': ['MNXR99909', 'MNXR99911'], 'pathway': 'Glycolysis/Gluconeogenesis'}"
23,GLUKB,glucokinase-bglc,atp_c + glc__bD_c + h_c --> adp_c + g6p_B_c,"{'sbo': 'SBO:0000176', 'ec-code': '2.7.1.2', 'bigg.reaction': 'GLUKB', 'kegg.reaction': 'R01600', 'origin': 'iMA789', 'subsystem': 'Carbohydrate metabolism', 'metanetx.reaction': 'MNXR107081', 'pathway': 'Glycolysis/Gluconeogenesis'}"
24,GUL5DH,L-gulonate 5-dehydrogenase,guln__L_c + nad_c --> fruur_c + nadh_c,"{'sbo': 'SBO:0000176', 'ec-code': '1.1.1.380', 'origin': 'Sco4', 'biocyc': 'RXN-15920', 'bigg.reaction': 'GUL5DH', 'metanetx.reaction': 'MNXR114163', 'pathway': 'Alternate Carbon metabolism', 'subsystem': 'Carbohydrate metabolism'}"
25,HCSUCT,hydroxycadaverine acyl transferase;hydroxycadaverine succinyl-transferase,h_c + hdoxcad_c + succoa_c --> coa_c + hyxsuccad_c,"{'sbo': 'SBO:0000176', 'origin': 'Sco4', 'biocyc': 'RXN-10996', 'bigg.reaction': 'HCSUCT', 'metanetx.reaction': 'MNXR116635', 'pathway': 'Desferrioxamine biosynthesis', 'subsystem': 'Biosynthesis of other secondary metabolites'}"
26,HPHL,enoyl-CoA hydratase,h2o_c + prpncoa_c <=> 3hpcoa_c + 4.0 h_c,"{'sbo': 'SBO:0000176', 'ec-code': '4.2.1.17', 'bigg.reaction': 'HPHL', 'kegg.reaction': 'R03045', 'origin': 'iMA789', 'subsystem': 'Carbohydrate metabolism', 'metanetx.reaction': ['MNXR100691', 'MNXR139166'], 'pathway': 'Propanoate metabolism'}"
27,IPPS,2-isopropylmalate synthase,3mob_c + accoa_c + h2o_c <=> 3c3hmp_c + coa_c + h_c,"{'sbo': 'SBO:0000176', 'ec-code': '2.3.3.13', 'bigg.reaction': 'IPPS', 'biocyc': '2-ISOPROPYLMALATESYN-RXN', 'kegg.reaction': 'R01213', 'origin': 'iMK1208', 'rhea': '21527', 'subsystem': 'Amino acid metabolism', 'metanetx.reaction': 'MNXR100879', 'pathway': 'Valine, leucine and isoleucine biosynthesis'}"
28,IZPN,imidazolonepropionase,4izp_c + h2o_c --> forglu_c,"{'sbo': 'SBO:0000176', 'ec-code': '3.5.2.7', 'bigg.reaction': 'IZPN', 'biocyc': 'IMIDAZOLONEPROPIONASE-RXN', 'kegg.reaction': 'R02288', 'origin': 'iMK1208', 'rhea': '23663', 'subsystem': 'Amino acid metabolism', 'metanetx.reaction': ['MNXR137949', 'MNXR100896'], 'pathway': 'Histidine metabolism'}"
29,MMSAD3,methylmalonate-semialdehyde dehydrogenase (malonic semialdehyde),coa_c + msa_c + nad_c --> accoa_c + co2_c + nadh_c,"{'sbo': 'SBO:0000176', 'ec-code': '1.2.1.27', 'bigg.reaction': 'MMSAD3', 'biocyc': 'RXN-2902', 'kegg.reaction': 'R00705', 'origin': 'iMK1208', 'rhea': '22995', 'subsystem': 'Carbohydrate metabolism', 'metanetx.reaction': 'MNXR101665', 'doi': '10.1128/jb.178.2.490-495.1996', 'pathway': 'Propanoate metabolism'}"
30,MPML,magnesium chelatase,atp_c + h2o_c + mg2_c + ppp9_c --> adp_c + h_c + mppp9_c + pi_c,"{'sbo': 'SBO:0000176', 'ec-code': '6.6.1.1', 'rhea': '13961', 'kegg.reaction': 'R03877', 'origin': 'Sco4', 'biocyc': 'RXN1F-20', 'bigg.reaction': 'MPML', 'metanetx.reaction': 'MNXR101721', 'pathway': 'Porphyrin and chlorophyll metabolism', 'subsystem': 'Metabolism of cofactors and vitamins'}"
31,NADPHQR4,NADPH Quinone reductase,2dmmq9_c + 2.0 h_c + nadph_c --> 2dmmql9_c + nadp_c,"{'sbo': 'SBO:0000176', 'origin': 'iAA1259', 'metanetx.reaction': 'MNXR101893', 'pathway': 'Oxidative phosphorylation', 'subsystem': 'Energy metabolism'}"
32,NICMO,nicotine monooxygenase,h_c + nadph_c + nico__S_c + o2_c --> h2o_c + nadp_c + nic1ox_c,"{'sbo': 'SBO:0000176', 'ec-code': '1.14.13.8', 'origin': 'Sco4', 'biocyc': 'RXN66-81', 'bigg.reaction': 'NICMO', 'metanetx.reaction': 'MNXR123801', 'pathway': 'Nicotine degradation', 'subsystem': 'Xenobiotics biodegradation and metabolism'}"
33,PCFO,Butyryl-CoA dehydrogenase,fadh2_c + prpncoa_c --> fad_c + 4.0 h_c + ppcoa_c,"{'sbo': 'SBO:0000176', 'ec-code': '1.3.8.7', 'bigg.reaction': 'PCFO', 'kegg.reaction': 'R00924', 'origin': 'iMA789', 'subsystem': 'Metabolism of other amino acids', 'metanetx.reaction': 'MNXR139009', 'pathway': 'beta-Alanine metabolism'}"
34,PHYFLUDS,all-trans phytofluene desaturase,acceptor_c + atphyflu_c --> donor_c + h_c + zcarote_c,"{'sbo': 'SBO:0000176', 'kegg.reaction': 'R04787', 'bigg.reaction': 'PHYFLUDS', 'biocyc': 'RXN-8024', 'origin': 'Sco4', 'rhea': '30610', 'metanetx.reaction': ['MNXR109116', 'MNXR122113'], 'pathway': 'Carotenoid biosynthesis', 'subsystem': 'Metabolism of terpenoids and polyketides'}"
35,PHYTDES,phytoene desaturase;all-trans-phytoene desaturase;15-cis-phytoene desaturase,15cphyt_c + acceptor_c --> atphyflu_c + donor_c + h_c,"{'sbo': 'SBO:0000176', 'kegg.reaction': 'R09692', 'bigg.reaction': 'PHYTDES', 'biocyc': 'RXN-8023', 'origin': 'Sco4', 'rhea': '30606', 'metanetx.reaction': ['MNXR113105', 'MNXR122112'], 'pathway': 'Carotenoid biosynthesis', 'subsystem': 'Metabolism of terpenoids and polyketides'}"
36,PPTRIAT,phosphinothricin N-acetyltransferase,accoa_c + pphinit_c --> coa_c + nacpphin_c,"{'sbo': 'SBO:0000176', 'ec-code': '2.3.1.183', 'rhea': '12597', 'origin': 'Sco4', 'biocyc': 'RXN-9382', 'bigg.reaction': 'PPTRIAT', 'metanetx.reaction': 'MNXR112429', 'subsystem': 'Xenobiotics biodegradation and metabolism'}"
37,PRAIS,phosphoribosylaminoimidazole synthase,atp_c + fpram_c --> adp_c + air_c + h_c + pi_c,"{'sbo': 'SBO:0000176', 'ec-code': '6.3.3.1', 'bigg.reaction': 'PRAIS', 'biocyc': 'META:AIRS-RXN', 'kegg.reaction': 'R04208', 'origin': 'iMK1208', 'subsystem': 'Nucleotide metabolism', 'metanetx.reaction': ['MNXR138720', 'MNXR139261'], 'pathway': 'Purine metabolism'}"
38,PSD181,Phosphatidylserine decarboxylase (n-C18:1),2.0 h_c + ps181_c --> co2_c + pe181_c,"{'sbo': 'SBO:0000176', 'ec-code': '4.1.1.65', 'bigg.reaction': 'PSD181', 'kegg.reaction': 'R02055', 'origin': 'iMK1208', 'subsystem': 'Lipid metabolism', 'metanetx.reaction': ['MNXR103235', 'MNXR107292'], 'pathway': 'Glycerophospholipid metabolism'}"
39,PSSA181,Phosphatidylserine syntase (n-C18:1),cdpdodec11eg_c + ser__L_c --> cmp_c + 2.0 h_c + ps181_c,"{'sbo': 'SBO:0000176', 'ec-code': '2.7.8.8', 'bigg.reaction': 'PSSA181', 'kegg.reaction': 'R01800', 'origin': 'iMK1208', 'rhea': '16916', 'subsystem': 'Lipid metabolism', 'metanetx.reaction': ['MNXR103272', 'MNXR107178'], 'pathway': 'Glycerophospholipid metabolism'}"
40,RBFK,riboflavin kinase,atp_c + h_c + ribflv_c <=> adp_c + fmn_c,"{'sbo': 'SBO:0000176', 'ec-code': '2.7.1.26', 'bigg.reaction': 'RBFK', 'biocyc': 'RIBOFLAVINKIN-RXN', 'kegg.reaction': 'R00549', 'origin': 'iMK1208', 'rhea': '14360', 'subsystem': 'Metabolism of cofactors and vitamins', 'metanetx.reaction': 'MNXR103429', 'pathway': 'Riboflavin metabolism'}"
41,S6PGB,6-phospho-beta-glucosidase,h2o_c + 2.0 h_c + salcn6p_c <=> 2hymeph_c + g6p_B_c,"{'sbo': 'SBO:0000176', 'ec-code': '3.2.1.86', 'bigg.reaction': 'S6PGB', 'kegg.reaction': 'R05134', 'origin': 'iMA789', 'rhea': '33130', 'subsystem': 'Energy metabolism', 'metanetx.reaction': 'MNXR109345', 'pathway': 'Glycolysis/Gluconeogenesis'}"
42,SORBDH,L-sorbosone dehydrogenase,acceptor_c + sorb14lac_c --> ascb__L_c + donor_c + 2.0 h_c,"{'sbo': 'SBO:0000176', 'bigg.reaction': 'SORBDH', 'biocyc': 'RXN-8781', 'origin': 'Sco4', 'metanetx.reaction': 'MNXR140857', 'pathway': 'Ascorbate and aldarate metabolism', 'subsystem': 'Carbohydrate metabolism'}"
43,SUCOAICT,succinyl-CoA:itaconate CoA transferase,3.0 h_c + itacon_c + succoa_c --> itaccoa_c + succ_c,"{'sbo': 'SBO:0000176', 'ec-code': ['2.8.3.22', '2.8.3.20'], 'kegg.reaction': 'R02407', 'origin': 'Sco4', 'biocyc': 'RXN-8987', 'bigg.reaction': 'SUCOAICT', 'metanetx.reaction': 'MNXR107488', 'pathway': 'C5-Branched dibasic acid metabolism', 'subsystem': 'Carbohydrate metabolism'}"
44,TMDSf,thymidylate synthase (Flavin-dependent),dump_c + fmnh2_c + 2.0 h_c + mlthf_c --> dtmp_c + fmn_c + thf_c,"{'sbo': 'SBO:0000176', 'ec-code': '2.1.1.45', 'bigg.reaction': 'TMDSf', 'origin': 'iMK1208', 'subsystem': 'Nucleotide metabolism', 'metanetx.reaction': 'MNXR104891', 'pathway': 'Pyrimidine metabolism'}"
45,ZCARDS,zeta-carotene desaturase;all-trans-zeta-carotene desaturase,acceptor_c + zcarote_c --> donor_c + h_c + neuspn_c,"{'sbo': 'SBO:0000176', 'kegg.reaction': 'R04798', 'bigg.reaction': 'ZCARDS', 'biocyc': 'RXN-8022', 'origin': 'Sco4', 'rhea': '30614', 'metanetx.reaction': ['MNXR122111', 'MNXR109123'], 'pathway': 'Carotenoid biosynthesis', 'subsystem': 'Metabolism of terpenoids and polyketides'}"
46,ZCAROTDH2,"Neurosporene, hydrogen-donor:oxygen oxidoreductase",donor_c + h_c + neuspn_c + o2_c --> acceptor_c + 2.0 h2o_c + lycop_c,"{'sbo': 'SBO:0000176', 'ec-code': ['1.3.5.6', '1.3.99.26', '1.3.99.30', '1.3.99.31'], 'kegg.reaction': 'R04800', 'bigg.reaction': 'ZCAROTDH2', 'biocyc': 'R04800', 'origin': 'Sco4', 'metanetx.reaction': ['MNXR105275', 'MNXR109125'], 'pathway': 'Carotenoid biosynthesis', 'subsystem': 'Metabolism of terpenoids and polyketides'}"
47,CELLUL_DEGe,Cellulose degradation (extracellular),cellul_e + 249.0 h2o_c --> 250.0 cellb_e,"{'sbo': 'SBO:0000655', 'origin': 'iAA1259', 'doi': '10.1093/femsle/fnv245', 'subsystem': 'Membrane transport'}"
48,CYO2a,"cytochrome bc1c complex (reductase, menaquinol: 2 protons)",2.0 ficytc_c + 4.0 h_c + mql9_c --> 2.0 focytc_c + 6.0 h_e + mqn9_c,"{'sbo': 'SBO:0000655', 'bigg.reaction': 'CYO2a', 'origin': 'iMK1208', 'subsystem': 'Energy metabolism', 'doi': '10.1007/s002030100262', 'pathway': 'Oxidative phosphorylation'}"
49,EX_co2_e,CO2 exchange,co2_e --> ,"{'sbo': 'SBO:0000627', 'bigg.reaction': 'EX_co2_e', 'origin': 'iMK1208', 'subsystem': 'Exchange', 'metanetx.reaction': 'MNXR98353'}"
50,NADH8,NADH dehydrogenase (demethylmenaquinone-9; 3 protons),2dmmq9_c + 5.0 h_c + nadh_c --> 2dmmql9_c + 3.0 h_e + nad_c,"{'sbo': 'SBO:0000655', 'origin': 'iAA1259', 'metanetx.reaction': 'MNXR101875', 'pathway': 'Oxidative phosphorylation', 'subsystem': 'Energy metabolism'}"
51,FRD3,fumarate reductase(2-demthylmenaquinone-9),2dmmql9_c + fum_c --> 2dmmq9_c + h_c + succ_c,"{'sbo': 'SBO:0000176', 'origin': 'iAA1259', 'metanetx.reaction': 'MNXR99639', 'pathway': 'Oxidative phosphorylation', 'subsystem': 'Energy metabolism'}"
52,TRE6PPP,trehalose-6-phosphate phosphorylase,2.0 h_c + pi_c + tre6p_c <=> g1p_B_c + g6p_B_c,"{'sbo': 'SBO:0000176', 'ec-code': '2.4.1.216', 'rhea': '20864', 'kegg.reaction': 'R05767', 'origin': 'Sco4', 'biocyc': '2.4.1.216-RXN', 'bigg.reaction': 'TRE6PPP', 'metanetx.reaction': ['MNXR115126', 'MNXR109822'], 'pathway': 'Starch and sucrose metabolism', 'subsystem': 'Carbohydrate metabolism'}"
53,PDE1,"adenosine 3',5'-phosphate 5'-nucleotidohydrolase",camp_c + h2o_c --> amp_c + h_c,"{'sbo': 'SBO:0000176', 'ec-code': ['3.1.4.17', '3.1.4.53']}"
54,PDH,pyruvate:NAD+ 2-oxidoreductase (CoA-acetylating);,coa_c + nad_c + pyr_c --> accoa_c + co2_c + nadh_c,"{'sbo': 'SBO:0000176', 'ec-code': ['1.2.4.1', '1.8.1.4', '2.3.1.12']}"
55,OPAH,5-oxo-L-proline amidohydrolase (ATP-hydrolysing),5oxpro_c + atp_c + 2.0 h2o_c <=> adp_c + glu__L_c + 2.0 h_c + pi_c,"{'sbo': 'SBO:0000176', 'ec-code': '3.5.2.9'}"
56,ASP4DC,L-aspartate 4-carboxy-lyase (L-alanine-forming),asp__L_c + h_c --> ala__L_c + co2_c,"{'sbo': 'SBO:0000176', 'ec-code': '4.1.1.12'}"
57,PTRCAT1,acetyl-CoA:putrescine N-acetyltransferase,accoa_c + ptrc_c <=> aprut_c + coa_c + 2.0 h_c,"{'sbo': 'SBO:0000176', 'ec-code': '2.3.1.57'}"
58,P5CRx,L-Proline:NAD+ 5-oxidoreductase,1pyr5c_c + 2.0 h_c + nadh_c --> nad_c + pro__L_c,"{'sbo': 'SBO:0000176', 'ec-code': '1.5.1.2'}"
59,DHBD,"2,3-dihydro-2,3-dihydroxybenzoate:NAD+ oxidoreductase",23ddhb_c + nad_c --> 23dhb_c + 2.0 h_c + nadh_c,"{'sbo': 'SBO:0000176', 'ec-code': '1.3.1.28'}"
60,RBK_Dr,ATP:D-ribulose 5-phosphotransferase,atp_c + rbl__D_c <=> adp_c + h_c + ru5p__D_c,"{'sbo': 'SBO:0000176', 'ec-code': ['2.7.1.16', '2.7.1.47']}"
61,GUAD,Guanine aminohydrolase,gua_c + h2o_c + h_c <=> nh4_c + xan_c,"{'sbo': 'SBO:0000176', 'ec-code': '3.5.4.3'}"
62,GLUKA,ATP:alpha-D-glucose 6-phosphotransferase,Glc_aD_c + atp_c <=> adp_c + g6p_A_c + h_c,"{'sbo': 'SBO:0000176', 'ec-code': ['2.7.1.1', '2.7.1.2']}"
63,AHAL,O-acetyl-L-homoserine acetate-lyase (L-homocysteine forming),achms_c + trdrd_c + tsul_c --> ac_c + 2.0 h_c + hcys__L_c + so3_c + trdox_c,{'sbo': 'SBO:0000176'}
64,TRYPTAOX,Tryptamine:oxygen oxidoreductase(deaminating),h2o_c + h_c + o2_c + trypta_c --> h2o2_c + id3acald_c + nh4_c,"{'sbo': 'SBO:0000176', 'ec-code': ['1.4.3.22', '1.4.3.4']}"
65,APENTAMAH,5-aminopentanamide amidohydrolase,5apentam_c + h2o_c + h_c <=> 5aptn_c + nh4_c,"{'sbo': 'SBO:0000176', 'ec-code': '3.5.1.30'}"
66,G1PTT,dTTP:alpha-D-glucose-1-phosphate thymidylyltransferase,dttp_c + g1p_c + h_c <=> dtdpglu_c + ppi_c,"{'sbo': 'SBO:0000176', 'ec-code': '2.7.7.24'}"
67,TYROXDAc,Tyramine:oxygen oxidoreductase(deaminating)(flavin-containing),h2o_c + h_c + o2_c + tym_c --> 4hoxpacd_c + h2o2_c + nh4_c,"{'sbo': 'SBO:0000176', 'ec-code': ['1.4.3.21', '1.4.3.4', '1.4.9.2']}"
68,RBK_L1,ATP:L-ribulose 5-phosphotransferase,atp_c + h_c + rbl__L_c <=> adp_c + ru5p__L_c,"{'sbo': 'SBO:0000176', 'ec-code': '2.7.1.16'}"
69,AACTOOR,aminoacetone:oxygen oxidoreductase(deaminating),aact_c + h2o_c + h_c + o2_c --> h2o2_c + mthgxl_c + nh4_c,"{'sbo': 'SBO:0000176', 'ec-code': ['1.4.3.21', '1.4.3.4']}"
70,41R2A1H12BOOX,"4-[(1R)-2-Amino-1-hydroxyethyl]-1,2-benzenediol:oxygen oxidoreductase(deaminating)(flavin-containing)",h2o_c + h_c + nrpphr_c + o2_c --> 34dhmald_c + h2o2_c + nh4_c,"{'sbo': 'SBO:0000176', 'ec-code': '1.4.3.4'}"
71,PEAMNO,Phenethylamine:oxygen oxidoreductase (deaminating),h2o_c + h_c + o2_c + peamn_c --> h2o2_c + nh4_c + pacald_c,"{'sbo': 'SBO:0000176', 'ec-code': ['1.4.3.21', '1.4.3.4']}"
72,5HOXINOXDA,5-Hydroxytryptamine:oxygen oxidoreductase(deaminating)(flavin-containing),h2o_c + h_c + o2_c + srtn_c --> 5hoxindact_c + h2o2_c + nh4_c,"{'sbo': 'SBO:0000176', 'ec-code': '1.4.3.4'}"
73,HPROa,trans-4-Hydroxy-L-proline:NAD+ 5-oxidoreductase,1p3h5c_c + 2.0 h_c + nadh_c --> 4hpro_LT_c + nad_c,"{'sbo': 'SBO:0000176', 'ec-code': '1.5.1.2'}"
74,NTRLASE2,alpha-Aminopropiononitrile aminohydrolase,aprop_c + 2.0 h2o_c + h_c <=> ala__L_c + nh4_c,"{'sbo': 'SBO:0000176', 'ec-code': '3.5.5.1'}"
75,FFSD,Sucrose 6-phosphate fructohydrolase,h2o_c + suc6p_c <=> fru_c + g6p_c + 2.0 h_c,"{'sbo': 'SBO:0000176', 'ec-code': '3.2.1.26'}"
76,APRTO2,N-Acetylputrescine:oxygen oxidoreductase(deaminating)(flavin-containing),aprut_c + h2o_c + h_c + o2_c --> h2o2_c + n4abutn_c + nh4_c,"{'sbo': 'SBO:0000176', 'ec-code': '1.4.3.4'}"
77,ECH_3hivcoa,3-hydroxyisovaleryl-CoA hydro-lyase,3hivcoa_c <=> 3mb2coa_c + h2o_c + 4.0 h_c,"{'sbo': 'SBO:0000176', 'ec-code': '4.2.1.17'}"
78,42A12BOOX,"4-(2-Aminoethyl)-1,2-benzenediol:oxygen oxidoreductase(deaminating)(flavin-containing)",dopa_c + h2o_c + h_c + o2_c --> 34dhpac_c + h2o2_c + nh4_c,"{'sbo': 'SBO:0000176', 'ec-code': ['1.4.3.21', '1.4.3.4', '1.4.9.2']}"
79,MCITD,"(2S,3S)-2-hydroxybutane-1,2,3-tricarboxylate hydro-lyase [(Z)-but-2-ene-1,2,3-tricarboxylate-forming]",2mcit_c <=> 2mcacn_c + h2o_c + 3.0 h_c,"{'sbo': 'SBO:0000176', 'ec-code': '4.2.1.79'}"
80,ACAS_2ahbut,(S)-2-Aceto-2-hydroxybutanoate pyruvate-lyase (carboxylating),2ahethmpp_c + 2obut_c --> 2ahbut_c + 3.0 h_c + thmpp_c,"{'sbo': 'SBO:0000176', 'ec-code': '2.2.1.6'}"
81,AHSERL4,"O3-acetyl-L-serine:thiosulfate 2-amino-2-carboxyethyltransferase (reducing, L-cysteine-forming);",acser_c + trdrd_c + tsul_c <=> ac_c + cys__L_c + 2.0 h_c + so3_c + trdox_c,"{'sbo': 'SBO:0000176', 'ec-code': ['2.5.1.47', '2.5.1.49']}"
82,3MOXTYROX,3-Methoxytyramine:oxygen oxidoreductase (deaminating) (copper-containing),3moxtyr_c + h2o_c + h_c + o2_c --> 3mox4hpac_c + h2o2_c + nh4_c,"{'sbo': 'SBO:0000176', 'ec-code': '1.4.3.4'}"
83,3HXKYNOXDA,3-Hydroxykynurenamine:oxygen oxidoreductase(deaminating)(flavin-containing),3hxkynam_c + h_c + o2_c --> 48dhoxquin_c + h2o2_c + nh4_c,"{'sbo': 'SBO:0000176', 'ec-code': '1.4.3.4'}"
84,GLNSP2,"beta-D-GlcNAc-(1->4)-Mur2Ac(oyl-L-Ala-gamma-D-Glu-L-Lys-D-Ala-D-Ala)-diphospho-ditrans,octacis-undecaprenol:L-glutamine amidoligase (ADP-forming)",atp_c + nh4_c + uaaGgla_c <=> adp_c + 2.0 h_c + pi_c + uaaGgtla_c,"{'sbo': 'SBO:0000176', 'ec-code': '6.3.5.13'}"
85,GMHEPAT,ATP:D-glycero-beta-D-manno-heptose 1-phosphate adenylyltransferase,atp_c + gmhep1p_c + 3.0 h_c --> adphep_DD_c + ppi_c,"{'sbo': 'SBO:0000176', 'ec-code': '2.7.7.70'}"
86,RBP4E,L-ribulose-5-phosphate 4-epimerase,ru5p__L_c <=> 2.0 h_c + xu5p__D_c,"{'sbo': 'SBO:0000176', 'ec-code': '5.1.3.4'}"
87,6TXAN5MPAML,6-thioxanthine 5'-monophosphate:L-glutamine amido-ligase (AMP-forming),6txan5mp_c + atp_c + gln__L_c + h2o_c --> 6tgsnmp_c + amp_c + glu__L_c + 2.0 h_c + ppi_c,"{'sbo': 'SBO:0000176', 'ec-code': '6.3.5.2'}"
88,DDMCITALOR,didemethylcitalopram:oxygen oxidoreductase(deaminating)(flavin-containing),ddmcital_c + h2o_c + h_c + o2_c --> citalald_c + h2o2_c + nh4_c,"{'sbo': 'SBO:0000176', 'ec-code': '1.4.3.4'}"
89,LPPGS,GTP:2-phospho-L-lactate guanylyltransferase,2plac__L_c + gtp_c + 2.0 h_c <=> lppg_c + ppi_c,"{'sbo': 'SBO:0000176', 'ec-code': '2.7.7.68'}"
90,KAS15,acetyl-CoA:malonyl-[acyl-carrier protein] C-acetyltransferase (decarboxylating),accoa_c + h_c + malACP_c --> actACP_c + co2_c + coa_c,"{'sbo': 'SBO:0000176', 'ec-code': '2.3.1.180'}"
91,CBMD,,cbm_c + 2.0 h_c --> co2_c + nh4_c,"{'sbo': 'SBO:0000176', 'ec-code': ['3.5.1.110', '4.2.1.104']}"
92,RE0691C,,4abutn_c --> CE1944_c + h2o_c + h_c,"{'sbo': 'SBO:0000176', 'ec-code': '2.6.1.82'}"
93,SELGTHR,,4.0 gthrd_c + 4.0 h_c + slnt_c <=> dgslnt_c + gthox_c + 3.0 h2o_c,{'sbo': 'SBO:0000176'}
94,MCITS,"propanoyl-CoA:oxaloacetate C-propanoyltransferase (thioester-hydrolysing, 1-carboxyethyl-forming);",2mcit_c + coa_c <=> h2o_c + 2.0 h_c + oaa_c + ppcoa_c,"{'sbo': 'SBO:0000176', 'ec-code': '2.3.3.5'}"
95,GALO,D-Galactose:oxygen 6-oxidoreductase,gal_c + h2o_c + o2_c --> galctn__D_c + h2o2_c + h_c,"{'sbo': 'SBO:0000176', 'ec-code': '1.1.3.9'}"
96,NBAH,N-Benzoylglycine amidohydrolase,bgly_c + h2o_c <=> bz_c + gly_c + h_c,"{'sbo': 'SBO:0000176', 'ec-code': '3.5.1.32'}"
97,HKNDDH,"2-hydroxy-6-oxonona-2,4-diene-1,9-dioate succinylhydrolase",3.0 h_c + op4en_c + succ_c <=> h2o_c + hkndd_c,"{'sbo': 'SBO:0000176', 'ec-code': '3.7.1.14'}"
98,PGMT_B,"beta-D-Glucose 1-phosphate 1,6-phosphomutase",g1p_B_c + 2.0 h_c <=> g6p_B_c,"{'sbo': 'SBO:0000176', 'ec-code': '5.4.2.6'}"
99,ICHORT,Isochorismate pyruvate-hydrolase,h2o_c + h_c + ichor_c --> 23ddhb_c + pyr_c,"{'sbo': 'SBO:0000176', 'ec-code': '3.3.2.1'}"
100,3HPCOAHYD,,3hpp_c + coa_c + h_c <=> 3hpcoa_c + h2o_c,"{'sbo': 'SBO:0000176', 'ec-code': '3.1.2.4'}"
101,HIBH,(S)-3-Hydroxyisobutyryl-CoA hydrolase,3hibutcoa_c + h2o_c --> 3hib_c + coa_c + h_c,"{'sbo': 'SBO:0000176', 'ec-code': '3.1.2.4'}"
102,HKNTDH,"(2Z,4E,7E)-2-Hydroxy-6-oxonona-2,4,7-triene-1,9-dioate fumarylhydrolase",h2o_c + hkntd_c --> fum_c + 3.0 h_c + op4en_c,"{'sbo': 'SBO:0000176', 'ec-code': '3.7.1.14'}"
103,r_0001,(2S)-2-amino-4-deoxychorismate:L-glutamate aminotransferase,chor_c + gln__L_c + h_c --> glu__L_c + m_0001,{'sbo': 'SBO:0000176'}
104,r_0002,(2S)-2-amino-4-deoxychorismate pyruvate-hydrolase,h2o_c + m_0001 --> h_c + m_0002 + pyr_c,{'sbo': 'SBO:0000176'}
105,r_0004,oxidoreductase,h2o_c + m_0003 + nad_c --> h_c + m_0004 + nadh_c,{'sbo': 'SBO:0000176'}
106,r_0011,"S-adenosyl-L-methionine:dTDP-4-oxo-2,6-dideoxy-L-mannose 3-O-methyltransferase",amet_c + m_0008 <=> ahcys_c + h_c + m_0009,"{'sbo': 'SBO:0000176', 'doi': '10.1186/s12934-016-0452-4'}"
107,r_0012,pyruvate:NAD+ 2-oxidoreductase (CoA-acetylating),accoa_c + m_0009 + nad_c + pyr_c <=> co2_c + coa_c + h_c + m_0010 + nadh_c,"{'sbo': 'SBO:0000176', 'doi': '10.1186/s12934-016-0452-4'}"
108,r_0016,paulomycin E synthesis (acetylation),accoa_c + m_0012 <=> coa_c + m_0016,"{'sbo': 'SBO:0000176', 'doi': '10.1186/s12934-016-0452-4'}"
109,r_0017,paulomycin F synthesis (oxidoreductase),h_c + m_0016 + nadh_c <=> m_0017 + nad_c,"{'sbo': 'SBO:0000176', 'doi': '10.1186/s12934-016-0452-4'}"
110,r_0018,paulomycin A synthesis,2mbcoa_c + m_0017 <=> coa_c + m_0014,{'sbo': 'SBO:0000176'}
111,r_0019,paulomycin B synthesis,ibcoa_c + m_0017 <=> coa_c + m_0015,{'sbo': 'SBO:0000176'}
112,metylmalonyl_synthesis,Metylmalonyl-Synthesis,atp_c + 4.0 h_c + hco3_c + ppcoa_c --> adp_c + mmcoa_c + pi_c,{}
113,ethylmalonyl_synthesis,Ethylmalonyl-Synthesis,b2coa_c + co2_c + 5.0 h_c + nadph_c --> ethmalcoa_c + nadp_c,{}
114,GLYC3tr,Transport of Glycerophosphoric Acid,glyc3p_e --> glyc3p_c,{}
115,PPYRDC,phenylpyruvate decarboxylase,h_c + phpyr_c --> co2_c + pacald_c,"{'sbo': 'SBO:0000176', 'bigg.reaction': 'PPYRDC', 'biocyc': 'META:PHENYLPYRUVATE-DECARBOXYLASE-RXN', 'ec-code': '4.1.1.43', 'kegg.reaction': 'R01377', 'origin': 'iMA789', 'subsystem': 'Amino acid metabolism', 'metanetx.reaction': ['MNXR125761', 'MNXR138719'], 'pathway': 'Phenylalanine metabolism'}"
116,APTNAT,5-aminopentanoate:2-oxoglutarate aminotransferase,5aptn_c + akg_c <=> glu__L_c + oxptn_c,"{'sbo': 'SBO:0000176', 'bigg.reaction': 'APTNAT', 'biocyc': 'META:VAGL-RXN', 'ec-code': '2.6.1.48', 'kegg.reaction': 'R02274', 'origin': 'iMK1208', 'rhea': '10215', 'subsystem': 'Amino acid metabolism', 'metanetx.reaction': 'MNXR95904', 'pathway': 'Lysine degradation'}"
117,DAPAT,Cadaverine aminotranferase,15dap_c + akg_c --> glu__L_c + h2o_c + h_c + pprdn_c,"{'sbo': 'SBO:0000176', 'bigg.reaction': 'DAPAT', 'origin': 'iMK1208', 'subsystem': 'Amino acid metabolism', 'metanetx.reaction': 'MNXR97139', 'pathway': 'Lysine degradation'}"
118,NP1_2,nicotinate D-ribonucleoside:orthophosphate ribosyltransferase,nicrns_c + pi_c --> h_c + nac_c + r1p_c,{'kegg': 'R02295'}
119,HOMt4,L-homoserine via sodium symport,hom__L_e + na1_e --> hom__L_c + na1_c,{'metanetx.reaction': 'MNXR100677'}
120,FBA4,L-xylulose 1-phosphate glycolaldehyde-lyase (glycerone-phosphate-forming),xu1p__D_c <=> dhap_c + gcald_c + 2.0 h_c,"{'sbo': 'SBO:0000176', 'ec-code': '4.1.2.19', 'origin': 'Sco4', 'kegg.reaction': 'R01785', 'biocyc': 'META:R01785', 'bigg.reaction': 'FBA4', 'metanetx.reaction': 'MNXR99462', 'pathway': 'Alternate Carbon metabolism', 'subsystem': 'Carbohydrate metabolism'}"
121,EX_citr__L_e,citrulline transport via facilitated diffusion,citr__L_e --> ,"{'sbo': 'SBO:0000627', 'bigg.reaction': 'EX_citr__L_e', 'origin': 'iMA789', 'subsystem': 'Exchange', 'metanetx.reaction': 'MNXR98348'}"
122,ACGApts,N-Acetyl-D-glucosamine transport via PEP:Pyr PTS,acgam_e + pep_c --> acgam6p_c + pyr_c,"{'sbo': 'SBO:0000655', 'bigg.reaction': 'ACGApts', 'origin': 'iMK1208', 'subsystem': 'Membrane transport', 'metanetx.reaction': 'MNXR95253', 'doi': ['10.1128/JB.185.23.7019-7023.2003', '10.1111/j.1365-2958.2009.07020.x']}"
123,OCBT2i,Ornithine carbamoyltransferase  catabolic,citr__L_c + h_c + pi_c --> cbp_c + orn_c,{}
124,CPS,carbamoyl-phosphate synthase (glutamine-hydrolysing),2.0 atp_c + co2_c + h2o_c + nh4_c --> 2.0 adp_c + cbp_c + 3.0 h_c + pi_c,{'kegg': 'R00149'}
125,GERDPM,geranyl diphosphate 2-C-methyltransferase,amet_c + grdp_c --> 2mygydpp_c + ahcys_c + h_c,"{'sbo': 'SBO:0000176', 'ec-code': '2.1.1.255', 'rhea': '32522', 'origin': 'Sco4', 'biocyc': 'META:RXN-12975', 'bigg.reaction': 'GERDPM', 'metanetx.reaction': 'MNXR113337', 'pathway': '2-methylisoborneol synthase', 'subsystem': 'Metabolism of terpenoids and polyketides'}"
126,ALLTNt2r,allantoin transport in via proton symport,alltn_e + h_e <=> alltn_c + h_c,"{'sbo': 'SBO:0000655', 'bigg.reaction': 'ALLTNt2r', 'origin': 'iMK1208', 'subsystem': 'Membrane transport', 'metanetx.reaction': 'MNXR95770'}"
127,EX_h2s_e,Hydrogen sulfide exchange,h2s_e --> ,"{'sbo': 'SBO:0000627', 'bigg.reaction': 'EX_h2s_e', 'origin': 'iMK1208', 'subsystem': 'Exchange', 'metanetx.reaction': 'MNXR98642'}"
128,ETHAAL,Ethanolamine ammonia-lyase,etha_c --> acald_c + nh4_c,"{'sbo': 'SBO:0000176', 'bigg.reaction': 'ETHAAL', 'ec-code': '4.3.1.7', 'kegg.reaction': 'R00749', 'origin': 'iMK1208', 'rhea': '15316', 'subsystem': 'Lipid metabolism', 'metanetx.reaction': 'MNXR97968', 'pathway': 'Glycerophospholipid metabolism'}"
129,DM_2mborn_c,Sink needed to allow 2-methylisoborneol to leave system,2mborn_c --> ,"{'sbo': 'SBO:0000628', 'origin': 'Sco4', 'biocyc': 'META:EXC_OUT_CPD-14016', 'bigg.reaction': 'DM_2mborn_c', 'subsystem': 'Exchange'}"
130,HMR_9726,5-Formyltetrahydrofolate:L-Glutamate N-Formiminotransferase,5fthf_c + glu__L_c --> Nforglu_c + h_c + thf_c,{}
131,PPRDNDH,Piperideine dehydrogenase,2.0 h2o_c + nad_c + pprdn_c --> 5aptn_c + h_c + nadh_c,"{'sbo': 'SBO:0000176', 'bigg.reaction': 'PPRDNDH', 'biocyc': 'META:RXN-10854', 'origin': 'iMK1208', 'subsystem': 'Amino acid metabolism', 'metanetx.reaction': 'MNXR103138', 'doi': '10.1128/jb.171.1.299-302.1989', 'pathway': 'Lysine degradation'}"
132,MANpts,D-mannose transport via PEP:PTS,man_e + pep_c --> man6p_c + pyr_c,"{'sbo': 'SBO:0000655', 'bigg.reaction': 'MANpts', 'ec-code': '2.7.1.69', 'origin': 'iMA789', 'subsystem': 'Membrane transport', 'metanetx.reaction': 'MNXR138580', 'pathway': 'Fructose and mannose metabolism'}"
133,NO2t2r,"nitrite transport in via proton symport, reversible",h_e + no2_e <=> h_c + no2_c,"{'sbo': 'SBO:0000655', 'bigg.reaction': 'NO2t2r', 'biocyc': 'META:TRANS-RXN-26', 'origin': 'iMK1208', 'subsystem': 'Inorganic Ion Transport and metabolism', 'metanetx.reaction': ['MNXR101984', 'MNXR101985']}"
134,NRRH,nicotinate D-ribonucleoside ribohydrolase,h2o_c + nicrns_c --> h_c + nac_c + rib__D_c,{'kegg': 'R10046'}
135,GAMpts,D-glucosamine transport via PEP:PTS,gam_e + pep_c --> gam6p_c + pyr_c,"{'sbo': 'SBO:0000655', 'bigg.reaction': 'GAMpts', 'ec-code': '2.7.1.69', 'origin': 'iMA789', 'subsystem': 'Membrane transport', 'metanetx.reaction': 'MNXR100034'}"
136,H2St1,h2s transport,h2s_e <=> h2s_c,"{'sbo': 'SBO:0000655', 'bigg.reaction': 'H2St1', 'origin': 'iMK1208', 'subsystem': 'Membrane transport', 'metanetx.reaction': 'MNXR100494'}"
137,MACACI,maleylacetoacetate isomerase,4mlacac_c <=> 4fumacac_c,"{'sbo': 'SBO:0000176', 'bigg.reaction': 'MACACI', 'biocyc': 'META:MALEYLACETOACETATE-ISOMERASE-RXN', 'ec-code': '5.2.1.2', 'kegg.reaction': 'R03181', 'origin': 'iMK1208', 'rhea': '14820', 'subsystem': 'Amino acid metabolism', 'metanetx.reaction': 'MNXR101325', 'pathway': 'Tyrosine metabolism'}"
138,ARAI,L-arabinose isomerase,arab__L_c <=> rbl__L_c,"{'sbo': 'SBO:0000176', 'bigg.reaction': 'ARAI', 'biocyc': 'META:ARABISOM-RXN', 'ec-code': '5.3.1.4', 'kegg.reaction': 'R01761', 'origin': 'iMK1208', 'rhea': '14824', 'subsystem': 'Carbohydrate metabolism', 'metanetx.reaction': 'MNXR107160', 'pathway': 'L-Arabinose-Degradation'}"
139,PHYCBOXL,L-Phenylalanine carboxy-lyase,phe__L_c --> co2_c + peamn_c,"{'sbo': 'SBO:0000176', 'bigg.reaction': 'PHYCBOXL', 'biocyc': 'META:PHENYLALANINE-DECARBOXYLASE-RXN', 'ec-code': '4.1.1.53', 'kegg.reaction': 'R00699', 'origin': 'iMK1208', 'rhea': '19720', 'subsystem': 'Amino acid metabolism', 'metanetx.reaction': 'MNXR102650', 'pathway': 'Phenylalanine metabolism'}"
140,2METBOD,2-methylisoborneol synthase,2mygydpp_c + h2o_c --> 2mborn_c + ppi_c,"{'sbo': 'SBO:0000176', 'ec-code': '4.2.3.118', 'rhea': '32574', 'origin': 'Sco4', 'biocyc': 'META:RXN-12976', 'bigg.reaction': '2METBOD', 'metanetx.reaction': 'MNXR113366', 'pathway': '2-methylisoborneol synthase', 'subsystem': 'Metabolism of terpenoids and polyketides'}"
141,KHK2,ATP:L-xylulose 1-phosphotransferase,atp_c + h_c + xylu__L_c --> adp_c + xu1p__D_c,"{'sbo': 'SBO:0000176', 'ec-code': '2.7.1.5', 'origin': 'Sco4', 'kegg.reaction': 'R01902', 'biocyc': 'META:R01902', 'bigg.reaction': 'KHK2', 'metanetx.reaction': ['MNXR100937', 'MNXR139076'], 'pathway': 'Fructose and mannose metabolism', 'subsystem': 'Carbohydrate metabolism'}"
142,LYXI,Lyxose isomerase,lyx__L_c <=> xylu__L_c,"{'sbo': 'SBO:0000176', 'bigg.reaction': 'LYXI', 'ec-code': '5.3.1.-', 'kegg.reaction': 'R01906', 'origin': 'iMK1208', 'subsystem': 'Carbohydrate metabolism', 'metanetx.reaction': 'MNXR138561', 'pathway': 'Pentose and glucuronate interconversions'}"
143,SALCpts,salicin transport via PEP:Pyr PTS,pep_c + salcn_e --> pyr_c + salcn6p_c,"{'sbo': 'SBO:0000655', 'bigg.reaction': 'SALCpts', 'origin': 'iMK1208', 'subsystem': 'Membrane transport', 'metanetx.reaction': 'MNXR104266'}"
144,ACONIs,aconitate isomerase (spontaneous),acon_T_c <=> acon_C_c,"{'sbo': 'SBO:0000176', 'bigg.reaction': 'ACONIs', 'biocyc': 'META:ACONITATE-DELTA-ISOMERASE-RXN', 'ec-code': '5.3.3.7', 'kegg.reaction': 'R02244', 'origin': 'iMK1208', 'rhea': '17268', 'subsystem': 'Carbohydrate metabolism', 'metanetx.reaction': 'MNXR95382', 'pathway': 'C5-Branched dibasic acid metabolism'}"
145,ARGAGMt7,Arginine/agmatine antiport,agm_c + arg__L_e <=> agm_e + arg__L_c,"{'sbo': 'SBO:0000655', 'bigg.reaction': 'ARGAGMt7', 'origin': 'iMK1208', 'subsystem': 'Membrane transport'}"
146,r1891,Y+LAT2 Utilized transport,hom__L_e + leu__L_c + na1_e --> hom__L_c + leu__L_e + na1_c,{'metanetx.reaction': 'MNXR105803'}
147,HEX4,hexokinase (D-mannose:ATP),atp_c + man_c --> adp_c + h_c + man6p_c,"{'sbo': 'SBO:0000176', 'bigg.reaction': 'HEX4', 'biocyc': 'META:MANNKIN-RXN', 'ec-code': '2.7.1.7', 'kegg.reaction': 'R01326', 'origin': 'iMK1208', 'rhea': '11031', 'subsystem': 'Carbohydrate metabolism', 'metanetx.reaction': ['MNXR140113', 'MNXR138046'], 'pathway': 'Fructose and mannose metabolism'}"
148,GLY3Pt2,Glycerol 3 phosphate transport in via proton symport,glyc3p_e + h_e --> glyc3p_c + h_c,"{'metanetx.reaction': 'MNXR100309', 'seed.reaction': 'rxn05578'}"
149,ARGDC,Arginine decarboxylase,arg__L_c + h_c --> agm_c + co2_c,"{'rhea': ['17641', '17642', '17643', '17644'], 'ec-code': '4.1.1.19', 'biocyc': 'META:ARGDECARBOX-RXN', 'metanetx.reaction': 'MNXR95940', 'reactome': ['R-ATH-350598', 'R-BTA-350598', 'R-CEL-350598', 'R-CFA-350598', 'R-DDI-350598', 'R-DME-350598', 'R-GGA-350598', 'R-HSA-350598', 'R-MMU-350598', 'R-OSA-350598', 'R-PFA-350598', 'R-RNO-350598', 'R-SCE-350598', 'R-SPO-350598', 'R-SSC-350598', 'R-TGU-350598', 'R-XTR-350598'], 'kegg.reaction': 'R00566', 'seed.reaction': 'rxn00405'}"
150,5DGLCNR,5-dehydro-D-gluconate reductase,5dglcn_c + h_c + nadph_c <=> glcn_c + nadp_c,"{'sbo': 'SBO:0000176', 'bigg.reaction': '5DGLCNR', 'biocyc': 'META:RXN-14367', 'ec-code': '1.1.1.69', 'kegg.reaction': 'R01740', 'origin': 'iMK1208', 'rhea': '23939', 'subsystem': 'Carbohydrate metabolism', 'metanetx.reaction': 'MNXR95065', 'pathway': 'Alternate Carbon metabolism'}"
151,CITRLt,citrulline transport via facilitated diffusion,citr__L_c <=> citr__L_e,"{'sbo': 'SBO:0000655', 'bigg.reaction': 'CITRLt', 'origin': 'iMA789', 'subsystem': 'Membrane transport'}"
152,3HMPPYRAT,(R)-3-amino-2-methylpropionateâ€”pyruvate transaminase,3aib_c + pyr_c --> 2mop_c + ala__L_c,"{'ec-code': '2.6.1.40', 'biocyc': '2.6.1.40-RXN', 'metanetx.reaction': 'MNXR115181', 'seed.reaction': 'rxn15297', 'rhea': '18396', 'subsystem': 'thymine degradation'}"
153,OSHSL,O-succinyl-L-homoserine succinate-lyase,ch4s_c + suchms_c --> h_c + met__L_c + succ_c,"{'ec-code': '2.5.1.48', 'biocyc': 'RXN-18602', 'kegg.reaction': 'R00651', 'seed.reaction': 'rxn15297', 'rhea': '18396', 'subsystem': 'Cysteine and methionine metabolism'}"
154,AHSERL,O-acetyl-L-homoserine acetate-lyase,achms_c + ch4s_c --> ac_c + h_c + met__L_c,"{'ec-code': '2.5.1.49', 'biocyc': 'O-ACETYLHOMOSERINE-THIOL-LYASE-RXN', 'kegg.reaction': 'R00651', 'metanetx.reaction': 'MNXR95634', 'rhea': '10049', 'subsystem': 'Cysteine and methionine metabolism'}"
155,ARGJ,amino acid acetyltransferase,accoa_c + met__L_c --> acmet_c + coa_c + h_c,"{'ec-code': '2.3.1.1', 'biocyc': 'RXN0-6948', 'kegg.reaction': 'R00651', 'seed.reaction': 'rxn15297', 'rhea': '18396', 'subsystem': 'Cysteine and methionine metabolism'}"
156,METGL,methionine gamma-lyase,h2o_c + met__L_c --> 2obut_c + ch4s_c + nh4_c,"{'ec-code': '4.4.1.11', 'biocyc': 'METHIONINE-GAMMA-LYASE-RXN', 'kegg.reaction': 'R00654', 'seed.reaction': 'rxn00456', 'metanetx.reaction': 'MNXR101474', 'rhea': '23801', 'subsystem': 'Cysteine and methionine metabolism'}"
157,DHPDH_1,Dihydropyrimidine dehydrogenase,56dura_c + nadp_c <-- h_c + nadph_c + ura_c,"{'ec-code': '1.3.1.2', 'biocyc': '1.3.1.3-RXN', 'metanetx.reaction': 'MNXR97814', 'seed.reaction': 'rxn00719', 'rhea': '18093', 'subsystem': 'uracil degradation'}"
158,DHPDH_2,Dihydropyrimidine dehydrogenase,56dthm_c + nadp_c <-- h_c + nadph_c + thym_c,"{'ec-code': '1.3.1.2', 'biocyc': 'RXN-11209', 'seed.reaction': 'rxn01027', 'rhea': '58284', 'subsystem': 'thymine degradation'}"
